{
  "figure_id": "0507475d",
  "axes": {
    "x_unit": "Pa",
    "y_unit": "Pa",
    "x_scale": "log10",
    "y_scale": "log10"
  },
  "materials": [
    {
      "label_in_legend": "mthxxDmnS",
      "Gp_plateau_Pa": 272855.57667209214,
      "tau_y_Pa": 4685.690581557474,
      "tau_f_Pa": 11641.073971118238,
      "r_eff_LVR": 0.2104213829607943,
      "m": 1.9279183123106745,
      "n": 1.939076025434548,
      "alpha": 1.001761365766174,
      "beta": 1.0767216676330014,
      "A": 0.2080242665063869,
      "w": 0.597718277100804,
      "q_shape": 0.11037788253032117
    },
    {
      "label_in_legend": "HdQXVY",
      "Gp_plateau_Pa": 20545.774097123434,
      "tau_y_Pa": 450.5170197466343,
      "tau_f_Pa": 641.8043497901078,
      "r_eff_LVR": 0.19962213312251892,
      "m": 1.9336511890154535,
      "n": 1.9679818631383321,
      "alpha": 0.8924750947483716,
      "beta": 0.8989713934194641,
      "A": 0.24805785673862954,
      "w": 0.5029781710146792,
      "q_shape": 0.3131320342329019
    },
    {
      "label_in_legend": "FpvCC",
      "Gp_plateau_Pa": 1369.2208700102196,
      "tau_y_Pa": 40.37789729105891,
      "tau_f_Pa": 83.91260542008135,
      "r_eff_LVR": 0.2089695039238906,
      "m": 1.9091075693405455,
      "n": 1.9729521893512838,
      "alpha": 1.1345433623830277,
      "beta": 0.8593120813595985,
      "A": 0.23197670312331736,
      "w": 0.4414305521265123,
      "q_shape": 0.09207767472206904
    },
    {
      "label_in_legend": "FCtxclBHS",
      "Gp_plateau_Pa": 22411.404456046108,
      "tau_y_Pa": 382.22194221744417,
      "tau_f_Pa": 899.9262929021969,
      "r_eff_LVR": 0.20164128966364736,
      "m": 1.998821152742406,
      "n": 1.9719692086596485,
      "alpha": 1.0239819642949768,
      "beta": 0.9569459613855715,
      "A": 0.15655560380068503,
      "w": 0.6447673624753929,
      "q_shape": 0.08453449617054036
    }
  ]
}