{
  "figure_id": "09e7f311",
  "axes": {
    "x_unit": "Pa",
    "y_unit": "Pa",
    "x_scale": "log10",
    "y_scale": "log10"
  },
  "materials": [
    {
      "label_in_legend": "YmcE",
      "Gp_plateau_Pa": 4868.031818150851,
      "tau_y_Pa": 152.99224577933077,
      "tau_f_Pa": 389.72894127005594,
      "r_eff_LVR": 0.2081981330001929,
      "m": 2.6758521461891736,
      "n": 3.41660069873923,
      "alpha": 1.0121404421300035,
      "beta": 0.9571549605187502,
      "A": 0.2650759465588599,
      "w": 0.405913564004717,
      "q_shape": -0.10323902589266098
    },
    {
      "label_in_legend": "taMzqgM",
      "Gp_plateau_Pa": 4868.031818150851,
      "tau_y_Pa": 152.99224577933077,
      "tau_f_Pa": 389.72894127005594,
      "r_eff_LVR": 0.20200332755588643,
      "m": 1.9591235517427368,
      "n": 3.1651515823610277,
      "alpha": 1.0029781710146792,
      "beta": 1.0266776809046787,
      "A": 0.2142670528538267,
      "w": 0.6321402869139071,
      "q_shape": 0.07895818799721571
    }
  ]
}