{
  "figure_id": "0a4b9aa9",
  "axes": {
    "x_unit": "Pa",
    "y_unit": "Pa",
    "x_scale": "log10",
    "y_scale": "log10"
  },
  "materials": [
    {
      "label_in_legend": "HvQrWrK",
      "Gp_plateau_Pa": 25055.444036132092,
      "tau_y_Pa": 383.96786530315427,
      "tau_f_Pa": 886.346277075226,
      "r_eff_LVR": 0.21556924595053634,
      "m": 2.4892014361144335,
      "n": 3.6198174167293966,
      "alpha": 0.9503168559982654,
      "beta": 1.037743890118061,
      "A": 0.19621177477331594,
      "w": 0.6280496388215453,
      "q_shape": 0.04689344667468215
    },
    {
      "label_in_legend": "bdCVcbS",
      "Gp_plateau_Pa": 25055.444036132092,
      "tau_y_Pa": 383.96786530315427,
      "tau_f_Pa": 886.346277075226,
      "r_eff_LVR": 0.20360553251616773,
      "m": 3.761627324819548,
      "n": 2.117487680294687,
      "alpha": 1.1140323051835739,
      "beta": 0.8671142288368613,
      "A": 0.2642275765631538,
      "w": 0.6108753480531186,
      "q_shape": -0.4172048241861498
    },
    {
      "label_in_legend": "DjvaWzVjG",
      "Gp_plateau_Pa": 25055.444036132092,
      "tau_y_Pa": 383.96786530315427,
      "tau_f_Pa": 886.346277075226,
      "r_eff_LVR": 0.1994564422715541,
      "m": 2.6226053251519152,
      "n": 3.3643410812522774,
      "alpha": 1.0621679238870407,
      "beta": 0.9654668515388746,
      "A": 0.20631534149980782,
      "w": 0.6014342644703068,
      "q_shape": -0.06900130823994935
    }
  ]
}