{
  "figure_id": "0a6d536a",
  "axes": {
    "x_unit": "Pa",
    "y_unit": "Pa",
    "x_scale": "log10",
    "y_scale": "log10"
  },
  "materials": [
    {
      "label_in_legend": "cuWZCW",
      "Gp_plateau_Pa": 5108.640181014762,
      "tau_y_Pa": 175.50345431115113,
      "tau_f_Pa": 250.02136532695943,
      "r_eff_LVR": 0.39924426624503784,
      "m": 1.9336511890154535,
      "n": 1.9679818631383321,
      "alpha": 0.8924750947483716,
      "beta": 0.8989713934194641,
      "A": 0.24805785673862954,
      "w": 0.5029781710146792,
      "q_shape": 0.0672581594763341
    },
    {
      "label_in_legend": "EASOI",
      "Gp_plateau_Pa": 128799.25725652001,
      "tau_y_Pa": 6535.066033410122,
      "tau_f_Pa": 13581.0543452234,
      "r_eff_LVR": 0.4179390078477812,
      "m": 1.9091075693405455,
      "n": 1.9729521893512838,
      "alpha": 1.1345433623830277,
      "beta": 0.8593120813595985,
      "A": 0.23197670312331736,
      "w": 0.4414305521265123,
      "q_shape": -0.06607706370023234
    },
    {
      "label_in_legend": "htpSyrOGT",
      "Gp_plateau_Pa": 64038.242068334104,
      "tau_y_Pa": 1253.809196238175,
      "tau_f_Pa": 2952.0436619397415,
      "r_eff_LVR": 0.40328257932729483,
      "m": 1.998821152742406,
      "n": 1.9719692086596485,
      "alpha": 1.0239819642949768,
      "beta": 0.9569459613855715,
      "A": 0.15655560380068503,
      "w": 0.6447673624753929,
      "q_shape": -0.07049481054294142
    },
    {
      "label_in_legend": "LdAdqXiK",
      "Gp_plateau_Pa": 747.091715056406,
      "tau_y_Pa": 24.868840931205263,
      "tau_f_Pa": 55.671867908601726,
      "r_eff_LVR": 0.4036311633506123,
      "m": 1.9359761003272384,
      "n": 1.9396263173749717,
      "alpha": 0.8566978210794819,
      "beta": 0.8611534626950393,
      "A": 0.20366770842152035,
      "w": 0.5905919656253106,
      "q_shape": -0.01110355534954604
    }
  ]
}