{
  "figure_id": "0c777a5c",
  "axes": {
    "x_unit": "Pa",
    "y_unit": "Pa",
    "x_scale": "log10",
    "y_scale": "log10"
  },
  "materials": [
    {
      "label_in_legend": "vWgIzf",
      "Gp_plateau_Pa": 844.6746217395947,
      "tau_y_Pa": 32.02908916579602,
      "tau_f_Pa": 52.56063401520884,
      "r_eff_LVR": 0.39714970031290114,
      "m": 1.9053821018802222,
      "n": 1.922035987277261,
      "alpha": 0.9053115432096008,
      "beta": 0.902771770325509,
      "A": 0.26617701119803927,
      "w": 0.627003499408117,
      "q_shape": 0.036842270793447714
    },
    {
      "label_in_legend": "MLiFqcP",
      "Gp_plateau_Pa": 133498.2364235125,
      "tau_y_Pa": 5290.904734318415,
      "tau_f_Pa": 12450.878506248777,
      "r_eff_LVR": 0.4022100956007058,
      "m": 1.9840822162176361,
      "n": 1.9950475862250083,
      "alpha": 0.9456623736203149,
      "beta": 1.1193304866778773,
      "A": 0.18075522910986158,
      "w": 0.5936336331540729,
      "q_shape": -0.023359186629923288
    },
    {
      "label_in_legend": "jfzPWyj",
      "Gp_plateau_Pa": 1250912.3557901096,
      "tau_y_Pa": 19882.76057199217,
      "tau_f_Pa": 34052.12203969117,
      "r_eff_LVR": 0.39801135894372464,
      "m": 1.9763151743606338,
      "n": 1.9239618553986189,
      "alpha": 0.9756351369768761,
      "beta": 0.8929053117130205,
      "A": 0.23748056348203933,
      "w": 0.48733577805630013,
      "q_shape": 0.015109866753568499
    },
    {
      "label_in_legend": "NkKjjWd",
      "Gp_plateau_Pa": 3842712.0158077492,
      "tau_y_Pa": 56562.11317704022,
      "tau_f_Pa": 140522.24149163242,
      "r_eff_LVR": 0.4208427659215885,
      "m": 1.9279183123106745,
      "n": 1.939076025434548,
      "alpha": 1.001761365766174,
      "beta": 1.0767216676330014,
      "A": 0.2080242665063869,
      "w": 0.597718277100804,
      "q_shape": -0.055231712471292445
    }
  ]
}