{
  "figure_id": "0d9374b4",
  "axes": {
    "x_unit": "Pa",
    "y_unit": "Pa",
    "x_scale": "log10",
    "y_scale": "log10"
  },
  "materials": [
    {
      "label_in_legend": "lEsPVoFU",
      "Gp_plateau_Pa": 22187.409891162977,
      "tau_y_Pa": 1147.3710838026889,
      "tau_f_Pa": 1614.1441859187535,
      "r_eff_LVR": 0.38543674413550355,
      "m": 1.9478667186999687,
      "n": 1.9073841841425658,
      "alpha": 0.8889151292906483,
      "beta": 1.0377316809262231,
      "A": 0.29020511001472044,
      "w": 0.3604288934258284,
      "q_shape": 0.08784509689638555
    },
    {
      "label_in_legend": "jbiznCP",
      "Gp_plateau_Pa": 4359.510214018846,
      "tau_y_Pa": 133.24360117249293,
      "tau_f_Pa": 315.28128194980667,
      "r_eff_LVR": 0.38691034580370404,
      "m": 1.9357536909083948,
      "n": 1.9795125315085447,
      "alpha": 1.067422776383889,
      "beta": 0.9455654603253525,
      "A": 0.12426383755883644,
      "w": 0.35251493215522883,
      "q_shape": -0.0692626026394181
    }
  ]
}