{
  "figure_id": "2566fbba",
  "axes": {
    "x_unit": "Pa",
    "y_unit": "Pa",
    "x_scale": "log10",
    "y_scale": "log10"
  },
  "materials": [
    {
      "label_in_legend": "iXJsSDfwV",
      "Gp_plateau_Pa": 364083.3485911709,
      "tau_y_Pa": 15534.193738881468,
      "tau_f_Pa": 40309.887033098385,
      "r_eff_LVR": 0.1037708116905914,
      "m": 2.794587052967349,
      "n": 2.4536069360916395,
      "alpha": 0.9883044001877167,
      "beta": 1.0548606799204592,
      "A": 0.16299143479450365,
      "w": 0.4047621051709302,
      "q_shape": 0.09386774577188026
    },
    {
      "label_in_legend": "teByVBeHY",
      "Gp_plateau_Pa": 364083.3485911709,
      "tau_y_Pa": 15534.193738881468,
      "tau_f_Pa": 40309.887033098385,
      "r_eff_LVR": 0.10642475762580346,
      "m": 2.90773133636291,
      "n": 1.630357793334858,
      "alpha": 1.1206998031973272,
      "beta": 1.0104119439234462,
      "A": 0.21672082186462466,
      "w": 0.4665516268435838,
      "q_shape": -0.0583834082203673
    }
  ]
}