{
  "figure_id": "2b583d41",
  "axes": {
    "x_unit": "Pa",
    "y_unit": "Pa",
    "x_scale": "log10",
    "y_scale": "log10"
  },
  "materials": [
    {
      "label_in_legend": "Gwsx",
      "Gp_plateau_Pa": 35732.670499211,
      "tau_y_Pa": 591.0855788794645,
      "tau_f_Pa": 1144.5975580645768,
      "r_eff_LVR": 0.20360553251616764,
      "m": 0.9982557874917977,
      "n": 2.117487680294687,
      "alpha": 1.1140323051835739,
      "beta": 0.8671142288368613,
      "A": 0.2642275765631538,
      "w": 0.6108753480531186,
      "q_shape": 0.2721402891168196
    },
    {
      "label_in_legend": "GKJ",
      "Gp_plateau_Pa": 35732.670499211,
      "tau_y_Pa": 591.0855788794645,
      "tau_f_Pa": 1144.5975580645768,
      "r_eff_LVR": 0.199456442271554,
      "m": 0.946482060234178,
      "n": 3.3643410812522774,
      "alpha": 1.0621679238870407,
      "beta": 0.9654668515388746,
      "A": 0.20631534149980782,
      "w": 0.6014342644703068,
      "q_shape": 0.32577214397068144
    },
    {
      "label_in_legend": "FquaJcvl",
      "Gp_plateau_Pa": 35732.670499211,
      "tau_y_Pa": 591.0855788794645,
      "tau_f_Pa": 1144.5975580645768,
      "r_eff_LVR": 0.18615467596520743,
      "m": 0.9625772269754078,
      "n": 3.680284677957694,
      "alpha": 0.8604288934258284,
      "beta": 1.0306945131844503,
      "A": 0.20144810562363485,
      "w": 0.361852549697963,
      "q_shape": 0.41410451797571085
    },
    {
      "label_in_legend": "VOAtBO",
      "Gp_plateau_Pa": 35732.670499211,
      "tau_y_Pa": 591.0855788794645,
      "tau_f_Pa": 1144.5975580645768,
      "r_eff_LVR": 0.1968091443165611,
      "m": 0.9724742587946297,
      "n": 2.300813375719252,
      "alpha": 0.857106395931394,
      "beta": 0.8525149321552288,
      "A": 0.2731486636532536,
      "w": 0.3953139739132792,
      "q_shape": 0.36960204244781925
    }
  ]
}