{
  "figure_id": "3004424f",
  "axes": {
    "x_unit": "Pa",
    "y_unit": "Pa",
    "x_scale": "log10",
    "y_scale": "log10"
  },
  "materials": [
    {
      "label_in_legend": "MXYSz",
      "Gp_plateau_Pa": 83263.25684051623,
      "tau_y_Pa": 1947.6494840051034,
      "tau_f_Pa": 4016.3767959985894,
      "r_eff_LVR": 0.407220805359628,
      "m": 1.9729420234224317,
      "n": 1.9243480098929047,
      "alpha": 0.934150866644558,
      "beta": 0.903830233446078,
      "A": 0.2059550057792164,
      "w": 0.4728474530288706,
      "q_shape": -0.009340550763604268
    },
    {
      "label_in_legend": "jOSU",
      "Gp_plateau_Pa": 2079.6885038896335,
      "tau_y_Pa": 55.968212824982295,
      "tau_f_Pa": 129.69017727149986,
      "r_eff_LVR": 0.3863841138850169,
      "m": 1.9040484432060558,
      "n": 1.9644860711303007,
      "alpha": 0.97615558696611,
      "beta": 1.1366110346779497,
      "A": 0.2253366821330287,
      "w": 0.540211265797859,
      "q_shape": -0.017767299194391874
    },
    {
      "label_in_legend": "AXWlc",
      "Gp_plateau_Pa": 9918659.757829096,
      "tau_y_Pa": 433834.73423632217,
      "tau_f_Pa": 819041.9586261252,
      "r_eff_LVR": 0.3948021613495607,
      "m": 1.9151450563188563,
      "n": 1.9267089098439445,
      "alpha": 1.1389392088375427,
      "beta": 0.8742360018641945,
      "A": 0.2809384818856824,
      "w": 0.3690677914471521,
      "q_shape": -0.03840070331782718
    }
  ]
}