{
  "figure_id": "38125934",
  "axes": {
    "x_unit": "Pa",
    "y_unit": "Pa",
    "x_scale": "log10",
    "y_scale": "log10"
  },
  "materials": [
    {
      "label_in_legend": "CVDzQJ",
      "Gp_plateau_Pa": 206203.34040912718,
      "tau_y_Pa": 5866.26519212503,
      "tau_f_Pa": 12284.861955394945,
      "r_eff_LVR": 0.09609426412172813,
      "m": 2.115176491182527,
      "n": 2.3500486783008996,
      "alpha": 0.9900041932852348,
      "beta": 0.9829911108208503,
      "A": 0.2849653501193524,
      "w": 0.39921408656468943,
      "q_shape": 0.34764422441524045
    },
    {
      "label_in_legend": "YahUYH",
      "Gp_plateau_Pa": 206203.34040912718,
      "tau_y_Pa": 5866.26519212503,
      "tau_f_Pa": 12284.861955394945,
      "r_eff_LVR": 0.10822398685358346,
      "m": 3.3844078221839573,
      "n": 3.0258861706423557,
      "alpha": 0.8756970383519229,
      "beta": 0.9747757424512988,
      "A": 0.14038124285037276,
      "w": 0.46544478870936445,
      "q_shape": 0.1967906510576111
    },
    {
      "label_in_legend": "oIzRLqXu",
      "Gp_plateau_Pa": 206203.34040912718,
      "tau_y_Pa": 5866.26519212503,
      "tau_f_Pa": 12284.861955394945,
      "r_eff_LVR": 0.09687960352520507,
      "m": 2.67138730194983,
      "n": 2.9169217576613793,
      "alpha": 1.0308898945801825,
      "beta": 1.1144545910787773,
      "A": 0.21035846958624427,
      "w": 0.6366739489502026,
      "q_shape": 0.2328858328497206
    },
    {
      "label_in_legend": "QcO",
      "Gp_plateau_Pa": 206203.34040912718,
      "tau_y_Pa": 5866.26519212503,
      "tau_f_Pa": 12284.861955394945,
      "r_eff_LVR": 0.10565920800290261,
      "m": 1.613072130804605,
      "n": 1.8858484940548266,
      "alpha": 1.0164030005739035,
      "beta": 0.897569623959052,
      "A": 0.17358931571972852,
      "w": 0.42175515155302207,
      "q_shape": 0.4105812685069283
    }
  ]
}