{
  "figure_id": "419ca5ee",
  "axes": {
    "x_unit": "Pa",
    "y_unit": "Pa",
    "x_scale": "log10",
    "y_scale": "log10"
  },
  "materials": [
    {
      "label_in_legend": "NnquZRhW",
      "Gp_plateau_Pa": 39338.60991898035,
      "tau_y_Pa": 533.7276985141776,
      "tau_f_Pa": 1364.1959275917475,
      "r_eff_LVR": 0.10100166377794322,
      "m": 1.9591235517427368,
      "n": 3.1651515823610277,
      "alpha": 1.0029781710146792,
      "beta": 1.0266776809046787,
      "A": 0.2142670528538267,
      "w": 0.6321402869139071,
      "q_shape": 0.2781580380159671
    },
    {
      "label_in_legend": "lVRgdau",
      "Gp_plateau_Pa": 39338.60991898035,
      "tau_y_Pa": 533.7276985141776,
      "tau_f_Pa": 1364.1959275917475,
      "r_eff_LVR": 0.10124264786552133,
      "m": 3.6866513241422028,
      "n": 1.668288596637056,
      "alpha": 1.036627838538862,
      "beta": 0.9414305521265123,
      "A": 0.1927528447729991,
      "w": 0.6254296477358269,
      "q_shape": -0.21043381371550302
    }
  ]
}