{
  "figure_id": "4ce5ee2a",
  "axes": {
    "x_unit": "Pa",
    "y_unit": "Pa",
    "x_scale": "log10",
    "y_scale": "log10"
  },
  "materials": [
    {
      "label_in_legend": "FviSbhZZf",
      "Gp_plateau_Pa": 5231.091112312606,
      "tau_y_Pa": 111.62057406251907,
      "tau_f_Pa": 264.2304836175804,
      "r_eff_LVR": 0.20547549556818448,
      "m": 0.4195374392236456,
      "n": 3.0416273894243737,
      "alpha": 0.9186110364326816,
      "beta": 0.8913023394226804,
      "A": 0.196386805006862,
      "w": 0.39546162590579204,
      "q_shape": 0.4801033697494917
    },
    {
      "label_in_legend": "sKOhhud",
      "Gp_plateau_Pa": 5231.091112312606,
      "tau_y_Pa": 111.62057406251907,
      "tau_f_Pa": 264.2304836175804,
      "r_eff_LVR": 0.19298440389235608,
      "m": 0.2831143707417335,
      "n": 2.4664263329429956,
      "alpha": 1.0914019412554643,
      "beta": 0.9877045331241348,
      "A": 0.2444823007167741,
      "w": 0.5845967231279718,
      "q_shape": 0.5051664176573232
    },
    {
      "label_in_legend": "yqfRndHj",
      "Gp_plateau_Pa": 5231.091112312606,
      "tau_y_Pa": 111.62057406251907,
      "tau_f_Pa": 264.2304836175804,
      "r_eff_LVR": 0.20819813300019288,
      "m": 0.2956094811253043,
      "n": 3.41660069873923,
      "alpha": 1.0121404421300035,
      "beta": 0.9571549605187502,
      "A": 0.2650759465588599,
      "w": 0.405913564004717,
      "q_shape": 0.5191465216289809
    },
    {
      "label_in_legend": "NfwAXGnx",
      "Gp_plateau_Pa": 5231.091112312606,
      "tau_y_Pa": 111.62057406251907,
      "tau_f_Pa": 264.2304836175804,
      "r_eff_LVR": 0.20200332755588643,
      "m": 0.16529519122595215,
      "n": 3.1651515823610277,
      "alpha": 1.0029781710146792,
      "beta": 1.0266776809046787,
      "A": 0.2142670528538267,
      "w": 0.6321402869139071,
      "q_shape": 0.5714963069837793
    }
  ]
}