{
  "figure_id": "63c64ddc",
  "axes": {
    "x_unit": "Pa",
    "y_unit": "Pa",
    "x_scale": "log10",
    "y_scale": "log10"
  },
  "materials": [
    {
      "label_in_legend": "FOSkAhiHj",
      "Gp_plateau_Pa": 47685.60236161043,
      "tau_y_Pa": 1770.2072961203755,
      "tau_f_Pa": 4165.7593703979755,
      "r_eff_LVR": 0.15082878585026468,
      "m": 1.9840822162176361,
      "n": 1.9950475862250083,
      "alpha": 0.9456623736203149,
      "beta": 1.1193304866778773,
      "A": 0.18075522910986158,
      "w": 0.5936336331540729,
      "q_shape": 0.1470283062789892
    },
    {
      "label_in_legend": "rLwLXqE",
      "Gp_plateau_Pa": 1047675.1209407159,
      "tau_y_Pa": 24356.523113373685,
      "tau_f_Pa": 41714.091688428845,
      "r_eff_LVR": 0.14925425960389674,
      "m": 1.9763151743606338,
      "n": 1.9239618553986189,
      "alpha": 0.9756351369768761,
      "beta": 0.8929053117130205,
      "A": 0.23748056348203933,
      "w": 0.48733577805630013,
      "q_shape": 0.18549735966248093
    },
    {
      "label_in_legend": "qcbWCmoTY",
      "Gp_plateau_Pa": 2130385.7125238394,
      "tau_y_Pa": 65511.316604496235,
      "tau_f_Pa": 162755.5360868066,
      "r_eff_LVR": 0.1578160372205957,
      "m": 1.9279183123106745,
      "n": 1.939076025434548,
      "alpha": 1.001761365766174,
      "beta": 1.0767216676330014,
      "A": 0.2080242665063869,
      "w": 0.597718277100804,
      "q_shape": 0.11515578043762001
    },
    {
      "label_in_legend": "nXhWOVZ",
      "Gp_plateau_Pa": 205593.3748169177,
      "tau_y_Pa": 6277.525937839717,
      "tau_f_Pa": 8942.932844338686,
      "r_eff_LVR": 0.14971659984188918,
      "m": 1.9336511890154535,
      "n": 1.9679818631383321,
      "alpha": 0.8924750947483716,
      "beta": 0.8989713934194641,
      "A": 0.24805785673862954,
      "w": 0.5029781710146792,
      "q_shape": 0.23764565238524657
    }
  ]
}