{
  "figure_id": "66a81f7b",
  "axes": {
    "x_unit": "Pa",
    "y_unit": "Pa",
    "x_scale": "log10",
    "y_scale": "log10"
  },
  "materials": [
    {
      "label_in_legend": "wWcOkl",
      "Gp_plateau_Pa": 82152.04192654196,
      "tau_y_Pa": 2252.031767284106,
      "tau_f_Pa": 3856.9322554154805,
      "r_eff_LVR": 0.1990056794718623,
      "m": 1.9763151743606338,
      "n": 1.9239618553986189,
      "alpha": 0.9756351369768761,
      "beta": 0.8929053117130205,
      "A": 0.23748056348203933,
      "w": 0.48733577805630013,
      "q_shape": 0.13552186501916103
    },
    {
      "label_in_legend": "fBaiTOgEy",
      "Gp_plateau_Pa": 19501.907516451625,
      "tau_y_Pa": 679.4552024983824,
      "tau_f_Pa": 1688.030426822534,
      "r_eff_LVR": 0.2104213829607943,
      "m": 1.9279183123106745,
      "n": 1.939076025434548,
      "alpha": 1.001761365766174,
      "beta": 1.0767216676330014,
      "A": 0.2080242665063869,
      "w": 0.597718277100804,
      "q_shape": 0.06518028579429994
    },
    {
      "label_in_legend": "dKhM",
      "Gp_plateau_Pa": 9617454.977780057,
      "tau_y_Pa": 292115.63748393103,
      "tau_f_Pa": 416146.51292049844,
      "r_eff_LVR": 0.19962213312251892,
      "m": 1.9336511890154535,
      "n": 1.9679818631383321,
      "alpha": 0.8924750947483716,
      "beta": 0.8989713934194641,
      "A": 0.24805785673862954,
      "w": 0.5029781710146792,
      "q_shape": 0.18767015774192658
    },
    {
      "label_in_legend": "TzV",
      "Gp_plateau_Pa": 1111588.564021413,
      "tau_y_Pa": 28190.574602281034,
      "tau_f_Pa": 58585.13498399507,
      "r_eff_LVR": 0.20896950392389063,
      "m": 1.9091075693405455,
      "n": 1.9729521893512838,
      "alpha": 1.1345433623830277,
      "beta": 0.8593120813595985,
      "A": 0.23197670312331736,
      "w": 0.4414305521265123,
      "q_shape": 0.054334934565360135
    }
  ]
}