{
  "figure_id": "6fd976ec",
  "axes": {
    "x_unit": "Pa",
    "y_unit": "Pa",
    "x_scale": "log10",
    "y_scale": "log10"
  },
  "materials": [
    {
      "label_in_legend": "NupCw",
      "Gp_plateau_Pa": 2834165.788309291,
      "tau_y_Pa": 108439.87084020395,
      "tau_f_Pa": 255187.2930742951,
      "r_eff_LVR": 0.2011050478003529,
      "m": 1.9840822162176361,
      "n": 1.9950475862250083,
      "alpha": 0.9456623736203149,
      "beta": 1.1193304866778773,
      "A": 0.18075522910986158,
      "w": 0.5936336331540729,
      "q_shape": 0.09705281163566923
    },
    {
      "label_in_legend": "hFAkHYmt",
      "Gp_plateau_Pa": 812998.8012686456,
      "tau_y_Pa": 19765.893729676154,
      "tau_f_Pa": 33851.97055858626,
      "r_eff_LVR": 0.1990056794718623,
      "m": 1.9763151743606338,
      "n": 1.9239618553986189,
      "alpha": 0.9756351369768761,
      "beta": 0.8929053117130205,
      "A": 0.23748056348203933,
      "w": 0.48733577805630013,
      "q_shape": 0.13552186501916103
    },
    {
      "label_in_legend": "GXed",
      "Gp_plateau_Pa": 128415.40145070938,
      "tau_y_Pa": 4678.36734427804,
      "tau_f_Pa": 11622.880207489568,
      "r_eff_LVR": 0.21042138296079424,
      "m": 1.9279183123106745,
      "n": 1.939076025434548,
      "alpha": 1.001761365766174,
      "beta": 1.0767216676330014,
      "A": 0.2080242665063869,
      "w": 0.597718277100804,
      "q_shape": 0.06518028579430003
    },
    {
      "label_in_legend": "ItjV",
      "Gp_plateau_Pa": 128.89391398741242,
      "tau_y_Pa": 3.5797359505155577,
      "tau_f_Pa": 5.099674381742545,
      "r_eff_LVR": 0.1996221331225189,
      "m": 1.9336511890154535,
      "n": 1.9679818631383321,
      "alpha": 0.8924750947483716,
      "beta": 0.8989713934194641,
      "A": 0.24805785673862954,
      "w": 0.5029781710146792,
      "q_shape": 0.18767015774192666
    }
  ]
}