{
  "figure_id": "81759b5f",
  "axes": {
    "x_unit": "Pa",
    "y_unit": "Pa",
    "x_scale": "log10",
    "y_scale": "log10"
  },
  "materials": [
    {
      "label_in_legend": "wleTghASZ",
      "Gp_plateau_Pa": 4107411.726609989,
      "tau_y_Pa": 127424.73960837112,
      "tau_f_Pa": 181528.66277397814,
      "r_eff_LVR": 0.2994331996837783,
      "m": 1.9336511890154535,
      "n": 1.9679818631383321,
      "alpha": 0.8924750947483716,
      "beta": 0.8989713934194641,
      "A": 0.24805785673862954,
      "w": 0.5029781710146792,
      "q_shape": 0.11723365411965414
    },
    {
      "label_in_legend": "qCJswd",
      "Gp_plateau_Pa": 34771174.05735385,
      "tau_y_Pa": 2039977.0632195398,
      "tau_f_Pa": 4239442.909521265,
      "r_eff_LVR": 0.31345425588583586,
      "m": 1.9091075693405455,
      "n": 1.9729521893512838,
      "alpha": 1.1345433623830277,
      "beta": 0.8593120813595985,
      "A": 0.23197670312331736,
      "w": 0.4414305521265123,
      "q_shape": -0.016101569056912315
    },
    {
      "label_in_legend": "UYrCD",
      "Gp_plateau_Pa": 5340.069991739988,
      "tau_y_Pa": 120.62488788403358,
      "tau_f_Pa": 284.00647946963215,
      "r_eff_LVR": 0.302461934495471,
      "m": 1.998821152742406,
      "n": 1.9719692086596485,
      "alpha": 1.0239819642949768,
      "beta": 0.9569459613855715,
      "A": 0.15655560380068503,
      "w": 0.6447673624753929,
      "q_shape": -0.02051931589962137
    }
  ]
}