{
  "figure_id": "91dd0fea",
  "axes": {
    "x_unit": "Pa",
    "y_unit": "Pa",
    "x_scale": "log10",
    "y_scale": "log10"
  },
  "materials": [
    {
      "label_in_legend": "oOS",
      "Gp_plateau_Pa": 3719.033202276643,
      "tau_y_Pa": 120.1033774692231,
      "tau_f_Pa": 312.1358365229472,
      "r_eff_LVR": 0.22148461285653437,
      "m": 1.9869929823870667,
      "n": 3.3866079146427017,
      "alpha": 1.1270034994081168,
      "beta": 0.9329723193391318,
      "A": 0.26755582108674036,
      "w": 0.6169678079333558,
      "q_shape": -0.031790387823241346
    },
    {
      "label_in_legend": "JXwRF",
      "Gp_plateau_Pa": 3719.033202276643,
      "tau_y_Pa": 120.1033774692231,
      "tau_f_Pa": 312.1358365229472,
      "r_eff_LVR": 0.21570066493152593,
      "m": 2.301524073215643,
      "n": 3.5750902356377665,
      "alpha": 0.9512587151831027,
      "beta": 1.0936336331540728,
      "A": 0.2637918476506405,
      "w": 0.5465855531033237,
      "q_shape": 0.03579481143271918
    },
    {
      "label_in_legend": "Nbab",
      "Gp_plateau_Pa": 3719.033202276643,
      "tau_y_Pa": 120.1033774692231,
      "tau_f_Pa": 312.1358365229472,
      "r_eff_LVR": 0.19234169868679793,
      "m": 2.1271608187696143,
      "n": 2.5213243378304253,
      "alpha": 0.8929053117130205,
      "beta": 1.0458009391367322,
      "A": 0.20240146683378007,
      "w": 0.46814904540131763,
      "q_shape": 0.11278103625404562
    }
  ]
}