{
  "figure_id": "9adbab5b",
  "axes": {
    "x_unit": "Pa",
    "y_unit": "Pa",
    "x_scale": "log10",
    "y_scale": "log10"
  },
  "materials": [
    {
      "label_in_legend": "fBdAaQQp",
      "Gp_plateau_Pa": 644855.7815933323,
      "tau_y_Pa": 25389.04098474559,
      "tau_f_Pa": 41664.128639081915,
      "r_eff_LVR": 0.1985748501564505,
      "m": 1.9053821018802222,
      "n": 1.922035987277261,
      "alpha": 0.9053115432096008,
      "beta": 0.902771770325509,
      "A": 0.26617701119803927,
      "w": 0.627003499408117,
      "q_shape": 0.2626743628005104
    },
    {
      "label_in_legend": "SORC",
      "Gp_plateau_Pa": 144.21260866176394,
      "tau_y_Pa": 3.549062499587887,
      "tau_f_Pa": 8.351869521828556,
      "r_eff_LVR": 0.2011050478003529,
      "m": 1.9840822162176361,
      "n": 1.9950475862250083,
      "alpha": 0.9456623736203149,
      "beta": 1.1193304866778773,
      "A": 0.18075522910986158,
      "w": 0.5936336331540729,
      "q_shape": 0.1629914735619442
    },
    {
      "label_in_legend": "oFKiPRmTf",
      "Gp_plateau_Pa": 3158925.246252739,
      "tau_y_Pa": 136070.95280505612,
      "tau_f_Pa": 233041.31607870435,
      "r_eff_LVR": 0.1990056794718623,
      "m": 1.9763151743606338,
      "n": 1.9239618553986189,
      "alpha": 0.9756351369768761,
      "beta": 0.8929053117130205,
      "A": 0.23748056348203933,
      "w": 0.48733577805630013,
      "q_shape": 0.22641485060050687
    }
  ]
}