{
  "figure_id": "9d15f2f9",
  "axes": {
    "x_unit": "Pa",
    "y_unit": "Pa",
    "x_scale": "log10",
    "y_scale": "log10"
  },
  "materials": [
    {
      "label_in_legend": "nRJtTj",
      "Gp_plateau_Pa": 4868.031818150851,
      "tau_y_Pa": 152.99224577933077,
      "tau_f_Pa": 389.72894127005594,
      "r_eff_LVR": 0.20819813300019288,
      "m": 0.9489023702813261,
      "n": 3.41660069873923,
      "alpha": 1.0121404421300035,
      "beta": 0.9571549605187502,
      "A": 0.2650759465588599,
      "w": 0.405913564004717,
      "q_shape": 0.3173313056508432
    },
    {
      "label_in_legend": "isfZm",
      "Gp_plateau_Pa": 4868.031818150851,
      "tau_y_Pa": 152.99224577933077,
      "tau_f_Pa": 389.72894127005594,
      "r_eff_LVR": 0.20200332755588643,
      "m": 0.9163237978064881,
      "n": 3.1651515823610277,
      "alpha": 1.0029781710146792,
      "beta": 1.0266776809046787,
      "A": 0.2142670528538267,
      "w": 0.6321402869139071,
      "q_shape": 0.32794550379420767
    },
    {
      "label_in_legend": "cQYfqlPrf",
      "Gp_plateau_Pa": 4868.031818150851,
      "tau_y_Pa": 152.99224577933077,
      "tau_f_Pa": 389.72894127005594,
      "r_eff_LVR": 0.2024852957310427,
      "m": 0.9948477874610092,
      "n": 1.668288596637056,
      "alpha": 1.036627838538862,
      "beta": 0.9414305521265123,
      "A": 0.1927528447729991,
      "w": 0.6254296477358269,
      "q_shape": 0.28092335366723
    }
  ]
}