{
  "figure_id": "a0188c76",
  "axes": {
    "x_unit": "Pa",
    "y_unit": "Pa",
    "x_scale": "log10",
    "y_scale": "log10"
  },
  "materials": [
    {
      "label_in_legend": "xVqfvJ",
      "Gp_plateau_Pa": 3719.033202276643,
      "tau_y_Pa": 120.1033774692231,
      "tau_f_Pa": 312.1358365229472,
      "r_eff_LVR": 0.22148461285653437,
      "m": 0.9175905901085031,
      "n": 3.3866079146427017,
      "alpha": 1.1270034994081168,
      "beta": 0.9329723193391318,
      "A": 0.26755582108674036,
      "w": 0.6169678079333558,
      "q_shape": 0.2626164813669766
    },
    {
      "label_in_legend": "WUSRaAtud",
      "Gp_plateau_Pa": 3719.033202276643,
      "tau_y_Pa": 120.1033774692231,
      "tau_f_Pa": 312.1358365229472,
      "r_eff_LVR": 0.21570066493152584,
      "m": 0.9318874578734383,
      "n": 3.5750902356377665,
      "alpha": 0.9512587151831027,
      "beta": 1.0936336331540728,
      "A": 0.2637918476506405,
      "w": 0.5465855531033237,
      "q_shape": 0.3550428852426947
    },
    {
      "label_in_legend": "DrGXc",
      "Gp_plateau_Pa": 3719.033202276643,
      "tau_y_Pa": 120.1033774692231,
      "tau_f_Pa": 312.1358365229472,
      "r_eff_LVR": 0.1923416986867979,
      "m": 0.9239618553986189,
      "n": 2.5213243378304253,
      "alpha": 0.8929053117130205,
      "beta": 1.0458009391367322,
      "A": 0.20240146683378007,
      "w": 0.46814904540131763,
      "q_shape": 0.37542918764486594
    }
  ]
}