{
  "figure_id": "a027f0b3",
  "axes": {
    "x_unit": "Pa",
    "y_unit": "Pa",
    "x_scale": "log10",
    "y_scale": "log10"
  },
  "materials": [
    {
      "label_in_legend": "mTyDiu",
      "Gp_plateau_Pa": 42590.90966191351,
      "tau_y_Pa": 2700.846805685595,
      "tau_f_Pa": 6046.167854120821,
      "r_eff_LVR": 0.3027233725129592,
      "m": 1.9359761003272384,
      "n": 1.9396263173749717,
      "alpha": 0.8566978210794819,
      "beta": 0.8611534626950393,
      "A": 0.20366770842152035,
      "w": 0.5905919656253106,
      "q_shape": 0.03887193929377395
    },
    {
      "label_in_legend": "pckhFxNu",
      "Gp_plateau_Pa": 4921544.230718283,
      "tau_y_Pa": 232596.15493886237,
      "tau_f_Pa": 327220.841157425,
      "r_eff_LVR": 0.28907755810162755,
      "m": 1.9478667186999687,
      "n": 1.9073841841425658,
      "alpha": 0.8889151292906483,
      "beta": 1.0377316809262231,
      "A": 0.29020511001472044,
      "w": 0.3604288934258284,
      "q_shape": 0.13782059153970555
    },
    {
      "label_in_legend": "PvIrK",
      "Gp_plateau_Pa": 5790262.834592471,
      "tau_y_Pa": 185774.63665544867,
      "tau_f_Pa": 439580.32568231854,
      "r_eff_LVR": 0.290182759352778,
      "m": 1.9357536909083948,
      "n": 1.9795125315085447,
      "alpha": 1.067422776383889,
      "beta": 0.9455654603253525,
      "A": 0.12426383755883644,
      "w": 0.35251493215522883,
      "q_shape": -0.0192871079960981
    },
    {
      "label_in_legend": "TppFfwJwe",
      "Gp_plateau_Pa": 9489.721182555613,
      "tau_y_Pa": 214.13255924107622,
      "tau_f_Pa": 441.5769106641769,
      "r_eff_LVR": 0.30541560401972095,
      "m": 1.9729420234224317,
      "n": 1.9243480098929047,
      "alpha": 0.934150866644558,
      "beta": 0.903830233446078,
      "A": 0.2059550057792164,
      "w": 0.4728474530288706,
      "q_shape": 0.04063494387971572
    }
  ]
}