{
  "figure_id": "a36147b3",
  "axes": {
    "x_unit": "Pa",
    "y_unit": "Pa",
    "x_scale": "log10",
    "y_scale": "log10"
  },
  "materials": [
    {
      "label_in_legend": "isIDK",
      "Gp_plateau_Pa": 16948.377816242708,
      "tau_y_Pa": 538.4677448724608,
      "tau_f_Pa": 989.4762605079179,
      "r_eff_LVR": 0.28063355971416065,
      "m": 1.957030643395095,
      "n": 1.9383497302681314,
      "alpha": 1.0480522684332074,
      "beta": 0.9410605211945103,
      "A": 0.22659980398220148,
      "w": 0.4244955081061209,
      "q_shape": 0.04380166368262194
    },
    {
      "label_in_legend": "ExR",
      "Gp_plateau_Pa": 12820556.753914228,
      "tau_y_Pa": 583390.6978627333,
      "tau_f_Pa": 908959.421134836,
      "r_eff_LVR": 0.28516218900764434,
      "m": 1.965421794822839,
      "n": 1.931534856806234,
      "alpha": 1.0281951307379908,
      "beta": 0.958486796654376,
      "A": 0.22611664500030215,
      "w": 0.5454261449353419,
      "q_shape": 0.08032128167212264
    },
    {
      "label_in_legend": "VEPP",
      "Gp_plateau_Pa": 429934.98793776607,
      "tau_y_Pa": 10595.686143634945,
      "tau_f_Pa": 17036.22213983506,
      "r_eff_LVR": 0.2773954306919787,
      "m": 1.9674977103125844,
      "n": 1.9835081532185557,
      "alpha": 0.9386963893572038,
      "beta": 1.1123850118550889,
      "A": 0.14249297837360664,
      "w": 0.5080784858598735,
      "q_shape": 0.12140450066576407
    },
    {
      "label_in_legend": "DVuf",
      "Gp_plateau_Pa": 209275.5289801939,
      "tau_y_Pa": 5997.622701541066,
      "tau_f_Pa": 10471.46566579937,
      "r_eff_LVR": 0.32159330480258025,
      "m": 1.9447280938894365,
      "n": 1.9226052968351868,
      "alpha": 1.0522345841432994,
      "beta": 1.1048715589167115,
      "A": 0.24468252308234067,
      "w": 0.42257535512316496,
      "q_shape": 0.07386283441109714
    }
  ]
}