{
  "figure_id": "a48917f8",
  "axes": {
    "x_unit": "Pa",
    "y_unit": "Pa",
    "x_scale": "log10",
    "y_scale": "log10"
  },
  "materials": [
    {
      "label_in_legend": "GamOKEWcc",
      "Gp_plateau_Pa": 11336.381318984266,
      "tau_y_Pa": 244.0080788857495,
      "tau_f_Pa": 400.42410399744324,
      "r_eff_LVR": 0.2978622752346758,
      "m": 1.9053821018802222,
      "n": 1.922035987277261,
      "alpha": 0.9053115432096008,
      "beta": 0.902771770325509,
      "A": 0.26617701119803927,
      "w": 0.627003499408117,
      "q_shape": 0.08681776543676771
    },
    {
      "label_in_legend": "ZWM",
      "Gp_plateau_Pa": 9431.652588044575,
      "tau_y_Pa": 371.66907695163604,
      "tau_f_Pa": 874.6342552037247,
      "r_eff_LVR": 0.30165757170052937,
      "m": 1.9840822162176361,
      "n": 1.9950475862250083,
      "alpha": 0.9456623736203149,
      "beta": 1.1193304866778773,
      "A": 0.18075522910986158,
      "w": 0.5936336331540729,
      "q_shape": 0.026616308013396716
    },
    {
      "label_in_legend": "YSTF",
      "Gp_plateau_Pa": 991376.604225845,
      "tau_y_Pa": 16781.95439270174,
      "tau_f_Pa": 28741.540037946186,
      "r_eff_LVR": 0.29850851920779353,
      "m": 1.9763151743606338,
      "n": 1.9239618553986189,
      "alpha": 0.9756351369768761,
      "beta": 0.8929053117130205,
      "A": 0.23748056348203933,
      "w": 0.48733577805630013,
      "q_shape": 0.0650853613968885
    },
    {
      "label_in_legend": "Efzt",
      "Gp_plateau_Pa": 94203.02691493608,
      "tau_y_Pa": 2753.3018995243406,
      "tau_f_Pa": 6840.270504274241,
      "r_eff_LVR": 0.3156320744411913,
      "m": 1.9279183123106745,
      "n": 1.939076025434548,
      "alpha": 1.001761365766174,
      "beta": 1.0767216676330014,
      "A": 0.2080242665063869,
      "w": 0.597718277100804,
      "q_shape": -0.005256217827972439
    }
  ]
}