{
  "figure_id": "a67f1138",
  "axes": {
    "x_unit": "Pa",
    "y_unit": "Pa",
    "x_scale": "log10",
    "y_scale": "log10"
  },
  "materials": [
    {
      "label_in_legend": "fPlYZvdF",
      "Gp_plateau_Pa": 59086.72400118984,
      "tau_y_Pa": 2826.409592973063,
      "tau_f_Pa": 4638.217447406467,
      "r_eff_LVR": 0.19857485015645054,
      "m": 1.9053821018802222,
      "n": 1.922035987277261,
      "alpha": 0.9053115432096008,
      "beta": 0.902771770325509,
      "A": 0.26617701119803927,
      "w": 0.627003499408117,
      "q_shape": 0.2626743628005103
    },
    {
      "label_in_legend": "juqUdii",
      "Gp_plateau_Pa": 79683.13109185248,
      "tau_y_Pa": 2542.6588640414466,
      "tau_f_Pa": 5983.5393356586055,
      "r_eff_LVR": 0.20110504780035293,
      "m": 1.9840822162176361,
      "n": 1.9950475862250083,
      "alpha": 0.9456623736203149,
      "beta": 1.1193304866778773,
      "A": 0.18075522910986158,
      "w": 0.5936336331540729,
      "q_shape": 0.1629914735619442
    },
    {
      "label_in_legend": "ERUomQ",
      "Gp_plateau_Pa": 75852.02210137618,
      "tau_y_Pa": 2554.5511530806293,
      "tau_f_Pa": 4375.040744788265,
      "r_eff_LVR": 0.19900567947186232,
      "m": 1.9763151743606338,
      "n": 1.9239618553986189,
      "alpha": 0.9756351369768761,
      "beta": 0.8929053117130205,
      "A": 0.23748056348203933,
      "w": 0.48733577805630013,
      "q_shape": 0.22641485060050678
    }
  ]
}