{
  "figure_id": "aadc2718",
  "axes": {
    "x_unit": "Pa",
    "y_unit": "Pa",
    "x_scale": "log10",
    "y_scale": "log10"
  },
  "materials": [
    {
      "label_in_legend": "RKVr",
      "Gp_plateau_Pa": 980225.8756348173,
      "tau_y_Pa": 45956.869283699365,
      "tau_f_Pa": 50848.73737788865,
      "r_eff_LVR": 0.19298440389235613,
      "m": 1.9457785926854334,
      "n": 1.9393830151337725,
      "alpha": 1.0914019412554643,
      "beta": 0.9877045331241348,
      "A": 0.2444823007167741,
      "w": 0.5845967231279718,
      "q_shape": 0.3501766862260692
    },
    {
      "label_in_legend": "GkRxyOq",
      "Gp_plateau_Pa": 980225.8756348173,
      "tau_y_Pa": 45956.869283699365,
      "tau_f_Pa": 50848.73737788865,
      "r_eff_LVR": 0.20819813300019283,
      "m": 1.948902370281326,
      "n": 1.9825727590336013,
      "alpha": 1.0121404421300035,
      "beta": 0.9571549605187502,
      "A": 0.2650759465588599,
      "w": 0.405913564004717,
      "q_shape": 0.35855342767311815
    },
    {
      "label_in_legend": "RzlkEwGtD",
      "Gp_plateau_Pa": 980225.8756348173,
      "tau_y_Pa": 45956.869283699365,
      "tau_f_Pa": 50848.73737788865,
      "r_eff_LVR": 0.20200332755588638,
      "m": 1.916323797806488,
      "n": 1.971143253743683,
      "alpha": 1.0029781710146792,
      "beta": 1.0266776809046787,
      "A": 0.2142670528538267,
      "w": 0.6321402869139071,
      "q_shape": 0.38581287628636207
    }
  ]
}