{
  "figure_id": "b5076d57",
  "axes": {
    "x_unit": "Pa",
    "y_unit": "Pa",
    "x_scale": "log10",
    "y_scale": "log10"
  },
  "materials": [
    {
      "label_in_legend": "iqIN",
      "Gp_plateau_Pa": 232446.3351699145,
      "tau_y_Pa": 4943.941899178595,
      "tau_f_Pa": 9006.061481667295,
      "r_eff_LVR": 0.3663606598763014,
      "m": 1.9914776223802257,
      "n": 1.991386887923006,
      "alpha": 1.1015153517929293,
      "beta": 1.074788619878201,
      "A": 0.24793688396293181,
      "w": 0.5080815023723816,
      "q_shape": -0.010810434444937218
    },
    {
      "label_in_legend": "laLmnCXX",
      "Gp_plateau_Pa": 1760977.718783223,
      "tau_y_Pa": 99907.64308044492,
      "tau_f_Pa": 234743.6536343111,
      "r_eff_LVR": 0.4044722799888926,
      "m": 1.9200055375164684,
      "n": 1.920162660459073,
      "alpha": 0.8559278146672767,
      "beta": 1.0626347634494036,
      "A": 0.2609973783879441,
      "w": 0.5316122025038429,
      "q_shape": 0.004865803809747386
    },
    {
      "label_in_legend": "fqLSrskQ",
      "Gp_plateau_Pa": 275426.3053101022,
      "tau_y_Pa": 12538.896877641522,
      "tau_f_Pa": 23041.19589618464,
      "r_eff_LVR": 0.3741780796188809,
      "m": 1.957030643395095,
      "n": 1.9383497302681314,
      "alpha": 1.0480522684332074,
      "beta": 0.9410605211945103,
      "A": 0.22659980398220148,
      "w": 0.4244955081061209,
      "q_shape": -0.006173830960698051
    }
  ]
}