{
  "figure_id": "c1bf82df",
  "axes": {
    "x_unit": "Pa",
    "y_unit": "Pa",
    "x_scale": "log10",
    "y_scale": "log10"
  },
  "materials": [
    {
      "label_in_legend": "gaJayf",
      "Gp_plateau_Pa": 104190.97428032145,
      "tau_y_Pa": 3711.1138704263763,
      "tau_f_Pa": 9219.84717704443,
      "r_eff_LVR": 0.21042138296079424,
      "m": 1.9279183123106745,
      "n": 1.939076025434548,
      "alpha": 1.001761365766174,
      "beta": 1.0767216676330014,
      "A": 0.2080242665063869,
      "w": 0.597718277100804,
      "q_shape": 0.11037788253032123
    },
    {
      "label_in_legend": "bBZT",
      "Gp_plateau_Pa": 101107.04245877614,
      "tau_y_Pa": 3064.485047876267,
      "tau_f_Pa": 4365.650458000102,
      "r_eff_LVR": 0.1996221331225189,
      "m": 1.9336511890154535,
      "n": 1.9679818631383321,
      "alpha": 0.8924750947483716,
      "beta": 0.8989713934194641,
      "A": 0.24805785673862954,
      "w": 0.5029781710146792,
      "q_shape": 0.3131320342329019
    }
  ]
}