{
  "figure_id": "c27f8be4",
  "axes": {
    "x_unit": "Pa",
    "y_unit": "Pa",
    "x_scale": "log10",
    "y_scale": "log10"
  },
  "materials": [
    {
      "label_in_legend": "vUlTFHRB",
      "Gp_plateau_Pa": 46041.30038475958,
      "tau_y_Pa": 1873.9427344186722,
      "tau_f_Pa": 2694.8509912374175,
      "r_eff_LVR": 0.21156926818013874,
      "m": 3.3731504579416214,
      "n": 2.010032802701258,
      "alpha": 1.116786709535869,
      "beta": 1.0520241122473375,
      "A": 0.2916079053643637,
      "w": 0.41295289874154156,
      "q_shape": 0.14502349807696283
    },
    {
      "label_in_legend": "SxpR",
      "Gp_plateau_Pa": 46041.30038475958,
      "tau_y_Pa": 1873.9427344186722,
      "tau_f_Pa": 2694.8509912374175,
      "r_eff_LVR": 0.21420832241775364,
      "m": 2.7521528682134373,
      "n": 3.669028770701985,
      "alpha": 1.0866076538929588,
      "beta": 1.1197370122854655,
      "A": 0.17249044452902498,
      "w": 0.6438831856992004,
      "q_shape": 0.2378983776885434
    }
  ]
}