{
  "figure_id": "c439f374",
  "axes": {
    "x_unit": "Pa",
    "y_unit": "Pa",
    "x_scale": "log10",
    "y_scale": "log10"
  },
  "materials": [
    {
      "label_in_legend": "bnIiSdJ",
      "Gp_plateau_Pa": 10253.653791362482,
      "tau_y_Pa": 331.1340299379056,
      "tau_f_Pa": 344.23277550997716,
      "r_eff_LVR": 0.22148461285653437,
      "m": 1.9175905901085029,
      "n": 1.9812094506655773,
      "alpha": 1.1270034994081168,
      "beta": 0.9329723193391318,
      "A": 0.26755582108674036,
      "w": 0.6169678079333558,
      "q_shape": 0.3463324875056551
    },
    {
      "label_in_legend": "nOHGFZqul",
      "Gp_plateau_Pa": 10253.653791362482,
      "tau_y_Pa": 331.1340299379056,
      "tau_f_Pa": 344.23277550997716,
      "r_eff_LVR": 0.21570066493152595,
      "m": 1.9318874578734382,
      "n": 1.9897768288926256,
      "alpha": 0.9512587151831027,
      "beta": 1.0936336331540728,
      "A": 0.2637918476506405,
      "w": 0.5465855531033237,
      "q_shape": 0.41645435747009474
    }
  ]
}