{
  "figure_id": "c5d750b5",
  "axes": {
    "x_unit": "Pa",
    "y_unit": "Pa",
    "x_scale": "log10",
    "y_scale": "log10"
  },
  "materials": [
    {
      "label_in_legend": "HQtNI",
      "Gp_plateau_Pa": 5231.091112312606,
      "tau_y_Pa": 111.62057406251907,
      "tau_f_Pa": 264.2304836175804,
      "r_eff_LVR": 0.20547549556818448,
      "m": 3.3574559157300508,
      "n": 3.0416273894243737,
      "alpha": 0.9186110364326816,
      "beta": 0.8913023394226804,
      "A": 0.196386805006862,
      "w": 0.39546162590579204,
      "q_shape": -0.14418082630362966
    },
    {
      "label_in_legend": "VeXAAXNPb",
      "Gp_plateau_Pa": 5231.091112312606,
      "tau_y_Pa": 111.62057406251907,
      "tau_f_Pa": 264.2304836175804,
      "r_eff_LVR": 0.19298440389235613,
      "m": 2.6071290390795343,
      "n": 2.4664263329429956,
      "alpha": 1.0914019412554643,
      "beta": 0.9877045331241348,
      "A": 0.2444823007167741,
      "w": 0.5845967231279718,
      "q_shape": -0.10011752761841024
    }
  ]
}