{
  "figure_id": "ccd8291e",
  "axes": {
    "x_unit": "Pa",
    "y_unit": "Pa",
    "x_scale": "log10",
    "y_scale": "log10"
  },
  "materials": [
    {
      "label_in_legend": "dMdD",
      "Gp_plateau_Pa": 1605.814809058644,
      "tau_y_Pa": 21.032365254036193,
      "tau_f_Pa": 48.736435211262275,
      "r_eff_LVR": 0.2897880854137628,
      "m": 1.9040484432060558,
      "n": 1.9644860711303007,
      "alpha": 0.97615558696611,
      "beta": 1.1366110346779497,
      "A": 0.2253366821330287,
      "w": 0.540211265797859,
      "q_shape": 0.03220819544892816
    },
    {
      "label_in_legend": "QhgNtBgr",
      "Gp_plateau_Pa": 63431.32129926914,
      "tau_y_Pa": 1224.6660297421734,
      "tau_f_Pa": 2312.0621391198215,
      "r_eff_LVR": 0.2961016210121706,
      "m": 1.9151450563188563,
      "n": 1.9267089098439445,
      "alpha": 1.1389392088375427,
      "beta": 0.8742360018641945,
      "A": 0.2809384818856824,
      "w": 0.3690677914471521,
      "q_shape": 0.01157479132549283
    },
    {
      "label_in_legend": "nsq",
      "Gp_plateau_Pa": 210100.99749063022,
      "tau_y_Pa": 7904.216057348257,
      "tau_f_Pa": 14398.602821098557,
      "r_eff_LVR": 0.27477049490722605,
      "m": 1.9914776223802257,
      "n": 1.991386887923006,
      "alpha": 1.1015153517929293,
      "beta": 1.074788619878201,
      "A": 0.24793688396293181,
      "w": 0.5080815023723816,
      "q_shape": 0.03916506019838273
    },
    {
      "label_in_legend": "CODG",
      "Gp_plateau_Pa": 31231585.718399756,
      "tau_y_Pa": 871212.5533340821,
      "tau_f_Pa": 2047006.7309770114,
      "r_eff_LVR": 0.3033542099916694,
      "m": 1.9200055375164684,
      "n": 1.920162660459073,
      "alpha": 0.8559278146672767,
      "beta": 1.0626347634494036,
      "A": 0.2609973783879441,
      "w": 0.5316122025038429,
      "q_shape": 0.05484129845306738
    }
  ]
}