{
  "figure_id": "d7f439d2",
  "axes": {
    "x_unit": "Pa",
    "y_unit": "Pa",
    "x_scale": "log10",
    "y_scale": "log10"
  },
  "materials": [
    {
      "label_in_legend": "gPxj",
      "Gp_plateau_Pa": 58041.21973971342,
      "tau_y_Pa": 1874.3974963454457,
      "tau_f_Pa": 4871.358681384533,
      "r_eff_LVR": 0.11074230642826721,
      "m": 1.9869929823870667,
      "n": 3.3866079146427017,
      "alpha": 1.1270034994081168,
      "beta": 0.9329723193391318,
      "A": 0.26755582108674036,
      "w": 0.6169678079333558,
      "q_shape": 0.16889627595274612
    },
    {
      "label_in_legend": "oSib",
      "Gp_plateau_Pa": 58041.21973971342,
      "tau_y_Pa": 1874.3974963454457,
      "tau_f_Pa": 4871.358681384533,
      "r_eff_LVR": 0.10785033246576294,
      "m": 2.301524073215643,
      "n": 3.5750902356377665,
      "alpha": 0.9512587151831027,
      "beta": 1.0936336331540728,
      "A": 0.2637918476506405,
      "w": 0.5465855531033237,
      "q_shape": 0.23648147520870672
    },
    {
      "label_in_legend": "MEoUk",
      "Gp_plateau_Pa": 58041.21973971342,
      "tau_y_Pa": 1874.3974963454457,
      "tau_f_Pa": 4871.358681384533,
      "r_eff_LVR": 0.09617084934339896,
      "m": 2.1271608187696143,
      "n": 2.5213243378304253,
      "alpha": 0.8929053117130205,
      "beta": 1.0458009391367322,
      "A": 0.20240146683378007,
      "w": 0.46814904540131763,
      "q_shape": 0.31346770003003316
    },
    {
      "label_in_legend": "YenlRzcJB",
      "Gp_plateau_Pa": 58041.21973971342,
      "tau_y_Pa": 1874.3974963454457,
      "tau_f_Pa": 4871.358681384533,
      "r_eff_LVR": 0.1052106914803971,
      "m": 2.2142028708348382,
      "n": 2.4596725595600586,
      "alpha": 1.001761365766174,
      "beta": 1.0767216676330014,
      "A": 0.2080242665063869,
      "w": 0.597718277100804,
      "q_shape": 0.22110416865552412
    }
  ]
}