{
  "figure_id": "e50051fe",
  "axes": {
    "x_unit": "Pa",
    "y_unit": "Pa",
    "x_scale": "log10",
    "y_scale": "log10"
  },
  "materials": [
    {
      "label_in_legend": "LNIR",
      "Gp_plateau_Pa": 201458.6925309831,
      "tau_y_Pa": 3332.50569384691,
      "tau_f_Pa": 6453.173644744441,
      "r_eff_LVR": 0.10180276625808385,
      "m": 3.761627324819548,
      "n": 2.117487680294687,
      "alpha": 1.1140323051835739,
      "beta": 0.8671142288368613,
      "A": 0.2642275765631538,
      "w": 0.6108753480531186,
      "q_shape": -0.02682294670564061
    },
    {
      "label_in_legend": "VtStKmRh",
      "Gp_plateau_Pa": 201458.6925309831,
      "tau_y_Pa": 3332.50569384691,
      "tau_f_Pa": 6453.173644744441,
      "r_eff_LVR": 0.09972822113577703,
      "m": 2.6226053251519152,
      "n": 3.3643410812522774,
      "alpha": 1.0621679238870407,
      "beta": 0.9654668515388746,
      "A": 0.20631534149980782,
      "w": 0.6014342644703068,
      "q_shape": 0.24663751829959707
    },
    {
      "label_in_legend": "dHZLfr",
      "Gp_plateau_Pa": 201458.6925309831,
      "tau_y_Pa": 3332.50569384691,
      "tau_f_Pa": 6453.173644744441,
      "r_eff_LVR": 0.09307733798260373,
      "m": 2.976698993458971,
      "n": 3.680284677957694,
      "alpha": 0.8604288934258284,
      "beta": 1.0306945131844503,
      "A": 0.20144810562363485,
      "w": 0.361852549697963,
      "q_shape": 0.34010772769799097
    },
    {
      "label_in_legend": "ayB",
      "Gp_plateau_Pa": 201458.6925309831,
      "tau_y_Pa": 3332.50569384691,
      "tau_f_Pa": 6453.173644744441,
      "r_eff_LVR": 0.09840457215828052,
      "m": 3.1944336934818534,
      "n": 2.300813375719252,
      "alpha": 0.857106395931394,
      "beta": 0.8525149321552288,
      "A": 0.2731486636532536,
      "w": 0.3953139739132792,
      "q_shape": 0.2665389242406224
    }
  ]
}