{
  "figure_id": "e7db1529",
  "axes": {
    "x_unit": "Pa",
    "y_unit": "Pa",
    "x_scale": "log10",
    "y_scale": "log10"
  },
  "materials": [
    {
      "label_in_legend": "eQq",
      "Gp_plateau_Pa": 27944.911219948302,
      "tau_y_Pa": 1571.0963431713553,
      "tau_f_Pa": 3517.086635870162,
      "r_eff_LVR": 0.2018155816753062,
      "m": 1.9359761003272384,
      "n": 1.9396263173749717,
      "alpha": 0.8566978210794819,
      "beta": 0.8611534626950393,
      "A": 0.20366770842152035,
      "w": 0.5905919656253106,
      "q_shape": 0.10930844291604648
    },
    {
      "label_in_legend": "jeYb",
      "Gp_plateau_Pa": 2832.598370653112,
      "tau_y_Pa": 99.16430475419807,
      "tau_f_Pa": 139.50629245349742,
      "r_eff_LVR": 0.1927183720677517,
      "m": 1.9478667186999687,
      "n": 1.9073841841425658,
      "alpha": 0.8889151292906483,
      "beta": 1.0377316809262231,
      "A": 0.29020511001472044,
      "w": 0.3604288934258284,
      "q_shape": 0.20825709516197805
    }
  ]
}